{
    "geometry": {
        "translation": {
          "x": -5,
          "y": 10,
          "z": 0
        },
        "type": "box",
        "x": 160,
        "y": 65,
        "z": 65
      },
    "translation": {
      "x": 79.62859847159652,
      "y": -21.878147164646478,
      "z": 50.3212856515283
    },
    "orientation": {
      "type": "ov_degrees",
      "value": {
        "x": 0.0113990534,
        "y": 0.0077431855,
        "z": 0.9999050478,
        "th": 89.8374241942
      }
    }
}